"Weight","Element"
"0.101327","H"
"0.775501","C"
"0.035057","N"
"0.052316","O"
"0.017422","F"
"0.018378","Ca"
