"Weight","Element"
"0.103725","H"
"0.848050","C"
"0.006050","N"
"0.004050","O"
"0.037700","S"
"0.000393","V"
"0.000034","Ni"
