"Weight","Element"
"0.063984","H"
"0.278000","C"
"0.027000","N"
"0.410016","O"
"0.002000","Mg"
"0.070000","P"
"0.002000","S"
"0.147000","Ca"
