"Weight","Element"
"0.047234","H"
"0.144330","C"
"0.041990","N"
"0.446096","O"
"0.002200","Mg"
"0.104970","P"
"0.003150","S"
"0.209930","Ca"
"0.000100","Zn"
