"Weight","Element"
"0.050000","B"
"0.005000","Na"
"0.929500","Al"
"0.002000","Si"
"0.010000","K"
"0.000500","Ti"
"0.003000","Fe"
