"Weight","Element"
"0.500318","O"
"0.001205","Mg"
"0.240568","Al"
"0.242823","Si"
"0.000714","Ca"
"0.010179","Ti"
"0.004192","Fe"
