"Weight","Element"
"0.497000","O"
"0.006000","Mg"
"0.212000","Al"
"0.252000","Si"
"0.007000","Ca"
"0.012000","Ti"
"0.014000","Fe"
