"Weight","Element"
"0.004000","H"
"0.482102","O"
"0.002168","Na"
"0.014094","Mg"
"0.069387","Al"
"0.277549","Si"
"0.013010","K"
"0.080229","Ca"
"0.057461","Fe"
