"Weight","Element"
"0.005000","H"
"0.104000","O"
"0.002000","Mg"
"0.004000","Al"
"0.034000","Si"
"0.197000","P"
"0.042000","Ca"
"0.612000","Fe"
