"Weight","Element"
"0.008000","H"
"0.009000","B"
"0.107000","O"
"0.043000","Mg"
"0.021000","Cl"
"0.003000","Mn"
"0.011000","Ca"
"0.798000","Fe"
