"Weight","Element"
"0.108259","H"
"0.000027","N"
"0.878636","O"
"0.000022","Na"
"0.012968","S"
"0.000034","Cl"
"0.000054","Fe"
