"Weight","Element"
"0.000050","H"
"0.000718","O"
"0.008487","Na"
"0.000206","Mg"
"0.000159","S"
"0.477922","Cl"
"0.511852","K"
"0.000276","Ca"
"0.000330","Br"
