"Weight","Element"
"0.018579","B"
"0.478631","O"
"0.059171","Na"
"0.018037","Mg"
"0.021107","Al"
"0.302924","Si"
"0.000399","S"
"0.099757","Ca"
"0.001395","Fe"
