"Weight","Element"
"0.040064","B"
"0.539562","O"
"0.028191","Na"
"0.011644","Al"
"0.377220","Si"
"0.003321","K"
