"Weight","Element"
"0.000810","C"
"0.001599","Si"
"0.000628","P"
"0.000101","S"
"0.000152","Mn"
"0.996711","Fe"
