"Weight","Element"
"0.000120","C"
"0.001100","O"
"0.000050","P"
"0.000250","S"
"0.000170","Mn"
"0.998310","Fe"
