"Weight","Element"
"0.000248","B"
"0.500064","O"
"0.238163","Al"
"0.243627","Si"
"0.000715","Ca"
"0.010189","Ti"
"0.006994","Fe"
