"Weight","Element"
"0.014100","H"
"0.072261","C"
"0.019320","N"
"0.066101","O"
"0.001890","S"
"0.349104","Br"
"0.474105","Ag"
"0.003120","I"
