"Weight","Element"
"0.115012","N"
"0.394122","O"
"0.000245","Pu"
"0.458960","Pu"
"0.029452","Pu"
"0.001963","Pu"
"0.000245","Pu"
".000000","Am"
