"Weight","Element"
"0.007833","H"
"0.003360","C"
"0.536153","O"
"0.017063","Na"
"0.034401","Al"
"0.365067","Si"
"0.011622","K"
"0.011212","Ca"
"0.013289","Fe"
