"Weight","Element"
"0.000790","C"
"0.009830","Si"
"0.000440","P"
"0.000440","S"
"0.007370","Ti"
"0.111300","Cr"
"0.009830","Mn"
"0.860000","Fe"
