"Weight","Element"
"0.000750","C"
"0.001250","N"
"0.005000","Si"
"0.000300","P"
"0.000150","S"
"0.180000","Cr"
"0.087500","Mn"
"0.675050","Fe"
"0.050000","Ni"
