"Weight","Element"
"0.081192","H"
"0.583442","C"
"0.017798","N"
"0.186381","O"
"0.130287","Mg"
"0.000900","Cl"
