"Weight","Element"
"0.106000","H"
"0.099000","C"
"0.020000","N"
"0.766000","O"
"0.002000","Na"
"0.001000","P"
"0.002000","S"
"0.002000","Cl"
"0.002000","K"
