"Weight","Element"
"0.000110","H"
"0.000570","C"
"0.000210","N"
"0.001410","O"
"0.061250","Al"
"0.893630","Ti"
"0.040000","V"
"0.002830","Fe"
