"Weight","Element"
"0.103908","O"
"0.123385","F"
"0.000206","U"
"0.023181","U"
"0.000107","U"
"0.749213","U"
