"Weight","Element"
"0.071106","N"
"0.324888","O"
"0.000161","U"
"0.018120","U"
"0.000083","U"
"0.585641","U"
