"Weight","Element"
"0.059642","H"
"0.497018","C"
"0.004970","N"
"0.427435","O"
"0.001988","Mg"
"0.004970","S"
"0.001988","K"
"0.001988","Ca"
