"Weight","Element"
"0.035500","H"
"0.367300","C"
"0.039700","N"
"0.045300","O"
"0.249300","F"
"0.262900","Ca"
