"Weight","Element"
"0.065471","H"
"0.536945","C"
"0.021500","N"
"0.032085","O"
"0.167411","F"
"0.176589","Ca"
