"Weight","Element"
"0.100000","B"
"0.005000","Na"
"0.879000","Al"
"0.002500","Si"
"0.010000","K"
"0.000500","Ti"
"0.003000","Fe"
