"Weight","Element"
"0.013732","H"
"0.539919","O"
"0.043271","Na"
"0.050466","Mg"
"0.052132","Al"
"0.293185","Si"
"0.003765","K"
"0.001341","Ca"
"0.002188","Fe"
