"Weight","Element"
"0.006840","H"
"0.156222","O"
"0.001545","Mg"
"0.006399","Al"
"0.014784","Si"
"0.000883","K"
"0.057590","Ca"
"0.000883","V"
"0.754854","Fe"
