"Weight","Element"
"0.004530","H"
"0.512600","O"
"0.015270","Na"
"0.035550","Al"
"0.360360","Si"
"0.057910","Ca"
"0.013780","Fe"
