"Weight","Element"
"0.010000","H"
"0.532000","O"
"0.029000","Na"
"0.034000","Al"
"0.337000","Si"
"0.044000","Ca"
"0.014000","Fe"
