"Weight","Element"
"0.012309","H"
"0.513359","O"
"0.002001","Na"
"0.013009","Mg"
"0.064045","Al"
"0.256179","Si"
"0.012008","K"
"0.074052","Ca"
"0.053037","Fe"
