"Weight","Element"
"0.008956","H"
"0.546579","O"
"0.009896","Na"
"0.002774","Mg"
"0.015581","Al"
"0.394761","Si"
"0.011074","K"
"0.003945","Ca"
"0.006434","Fe"
