"Weight","Element"
"0.001000","H"
"0.015000","B"
"0.534000","O"
"0.161000","Na"
"0.279000","Si"
"0.010000","S"
