"Weight","Element"
"0.000980","C"
"0.003250","Si"
"0.000100","S"
"0.155000","Cr"
"0.006500","Mn"
"0.080000","Fe"
"0.750930","Ni"
"0.003250","Cu"
