"Weight","Element"
"0.034000","C"
"0.026000","Si"
"0.003000","P"
"0.001000","S"
"0.006500","Mn"
"0.929500","Fe"
