"Weight","Element"
"0.101997","H"
"0.123000","C"
"0.035000","N"
"0.729003","O"
"0.000800","Na"
"0.000200","Mg"
"0.002000","P"
"0.005000","S"
"0.003000","K"
