"Weight","Element"
"0.030500","H"
"0.210700","C"
"0.072100","N"
"0.163200","O"
"0.222800","Br"
"0.300700","Ag"
