"Weight","Element"
"0.107974","H"
"0.858765","O"
"0.010785","Na"
"0.001284","Mg"
"0.000906","S"
"0.019472","Cl"
"0.000399","K"
"0.000415","Ca"
