"Weight","Element"
"0.000400","C"
"0.005000","Si"
"0.000230","P"
"0.000150","S"
"0.190000","Cr"
"0.010000","Mn"
"0.701730","Fe"
"0.092500","Ni"
