"Weight","Element"
"0.001400","C"
"0.009300","Si"
"0.000420","P"
"0.000280","S"
"0.180000","Cr"
"0.018600","Mn"
"0.700000","Fe"
"0.090000","Ni"
