"Weight","Element"
"0.006750","C"
"0.006500","Si"
"0.000260","P"
"0.000200","S"
"0.170000","Cr"
"0.006500","Mn"
"0.795050","Fe"
"0.004880","Mo"
