"Weight","Element"
"0.010000","B"
"0.000396","C"
"0.004950","Si"
"0.000228","P"
"0.000149","S"
"0.188100","Cr"
"0.009900","Mn"
"0.694713","Fe"
"0.091575","Ni"
