"Weight","Element"
"0.105000","H"
"0.093000","C"
"0.024000","N"
"0.768000","O"
"0.002000","Na"
"0.002000","P"
"0.002000","S"
"0.002000","Cl"
"0.002000","K"
