"Weight","Element"
"0.106000","H"
"0.332000","C"
"0.030000","N"
"0.527000","O"
"0.001000","Na"
"0.001000","P"
"0.002000","S"
"0.001000","Cl"
